3,名前花子,管理者画面からは削除と編集が可能です,2021/05/18 13:45:50.969,2021-05-18 13:45:50.97+09,2021-05-18 13:45:50.97+09
4,"",名無しで投稿した場合は投稿者名が空欄になります,2021/05/18 13:46:17.049,2021-05-18 13:46:17.049+09,2021-05-18 13:46:17.049+09
6,書き加える,編集する,2021/05/18 20:08:29.316,2021-05-18 20:08:29.326+09,2021-05-19 17:45:21.22+09
7,hogehoge,"改
行
もできる
",2021/05/19 19:05:42.607,2021-05-19 19:05:42.613+09,2021-05-19 19:05:42.613+09
49,時間,きfdsa,2021-06-02 17:54:40.759,2021-06-02 17:54:40.777+09,2021-06-02 17:54:40.777+09
51,hai,haifdsa,2021/06/02 17:58:55,2021-06-02 17:58:55.585+09,2021-06-02 17:58:55.585+09
52,hai,haifdsa,2021/06/02 17:59:56,2021-06-02 17:59:56.091+09,2021-06-02 17:59:56.091+09
53,fdsafdsa,haifdsa,2021/06/02 18:00:33,2021-06-02 18:00:33.984+09,2021-06-02 18:00:33.984+09
54,行脚ー,パタパタ,2021/06/02 18:04:30.213,2021-06-02 18:04:30.232+09,2021-06-02 18:04:30.232+09
26,火狐,コンコン,2021/05/27 19:38:08.469,2021-05-27 19:38:08.481+09,2021-05-27 19:38:08.481+09
25,fdasfdsa,整える,2021/05/27 14:39:52.241,2021-05-27 14:39:52.251+09,2021-05-27 19:59:11.677+09
56,"",https://jp.vuejs.org/v2/guide/class-and-style.html,2021/06/02 18:34:26.734,2021-06-02 18:34:26.745+09,2021-06-02 18:34:26.745+09
28,ねこ,nゆわん,2021/05/28 09:33:34.202,2021-05-28 09:33:34.205+09,2021-05-28 09:33:34.205+09
29,にゃーん,ねこ,2021/05/28 09:46:46.922,2021-05-28 09:46:46.925+09,2021-05-28 09:46:46.925+09
31,クロム,クロム,2021/05/28 10:06:17.971,2021-05-28 10:06:17.972+09,2021-05-28 10:06:17.972+09
59,a,あんぎゃああああああああああああああああああああああああああああああああああああああああああああああああああああああああああああああああああああああああああああああああああああああああああああああああああああああああああああああああああああああああああああああ,2021/06/02 19:03:59.917,2021-06-02 19:03:59.927+09,2021-06-02 19:03:59.927+09
35,kakikomi,編集ううううう,2021/05/28 20:08:51.449,2021-05-28 20:08:51.456+09,2021-06-01 11:39:42.172+09
36,かきっく,かきっく編集,2021/06/01 11:46:09.115,2021-06-01 11:46:09.12+09,2021-06-01 13:18:45.08+09
1,書き込みテスト,最初の書き込み,2021/05/18 13:43:35.953,2021-05-18 13:43:35.958+09,2021-06-02 20:19:18.886+09
50,hai,123456789012345678901234567890123456789012345678901234567890123456789012345678901234567890123456789012345678901234567890123456789012345678901234567890123456789012345678901234567890123456789012345678901234567890123456789012345678901234567890123456789012345678901234567890123456789012345678901234567890123456789012345678901234567890123456789012345678901234567890123456789012345678901234567890123456789012345678901234567890123456789012345678901234567890123456789012345678901234567890123456789012345678901234567890123456789012345678901234567890123456789012345678901234567890123456789012345678901234567890123456789012345678901234567890123456789012345678901234567890123456789012345678901234567890123456789012345678901234567890123456789012345678901234567890123456789012345678901234567890123456789012345678901234567890123456789012345678901234567890123456789012345678901234567890123456789012345678901234567890123456789012345678901234567890123456789012345678901234567890123456789012345678901234567890123456789012345678901234567890123456789012345678901234567890123456789012345678901234567890123456789012345678901234567890123456789012345678901234567890123456789012345678901234567890123456789012345678901234567890123456789012345678901234567890123456789012345678901234567890123456789012345678901234567890123456789012345678901234567890123456789012345678901234567890123456789012345678901234567890123456789012345678901234567890123456789012345678901234567890123456789012345678901234567890123456789012345678901234567890123456789012345678901234567890123456789012345678901234567890123456789012345678901234567890123456789012345678901234567890123456789012345678901234567890123456789012345678901234567890123456789012345678901234567890123456789012345678901234567890123456789012345678901234567890123456789012345678901234567890123456789012345678901234567890123456789012345678901234567890123456789012345678901234567890123456789012345678901234567890123456789012345678901234567890123456789012345678901234567890123456789012345678901234567890123456789012345678901234567890123456789012345678901234567890123456789012345678901234567890123456789012345678901234567890123456789012345678901234567890123456789012345678901234567890123456789012345678901234567890123456789012345678901234567890123456789012345678901234567890123456789012345678901234567890123456789012345678901234567890123456789012345678901234567890123456789012345678901234567890123456789012345678901234567890123456789012345678901234567890123456789012345678901234567890123456789012345678901234567890123456789012345678901234567890123456789012345678901234567890123456789012345678901234567890123456789012345678901234567890123456789012345678901234567890123456789012345678901234567890123456789012345678901234567890123456789012345678901234567890123456789012345678901234567890123456789012345678901234567890123456789012345678901234567890123456789012345678901234567890123456789012345678901234567890123456789012345678901234567890123456789012345678901234567890123456789012345678901234567890,2021-06-02 17:58:21,2021-06-02 17:58:21.141+09,2021-06-08 13:41:44.472+09
8,"","た
て

よこ

自
　在",2021/05/19 19:08:12.152,2021-05-19 19:08:12.153+09,2021-06-03 10:14:36.821+09
42,murakami,aruki,2021/06/02 17:06:20.620,2021-06-02 17:06:20.625+09,2021-06-02 17:06:20.625+09
44,fda,gfd,3/6/2 17:29:11,2021-06-02 17:29:11.996+09,2021-06-02 17:29:11.996+09
45,fda,gfd,2021/6/2 17:33:48,2021-06-02 17:33:48.16+09,2021-06-02 17:33:48.16+09
46,fdafdsa,gfdfdsa,2021-06-02-17-39 15.166,2021-06-02 17:39:15.185+09,2021-06-02 17:39:15.185+09
9,書き込み,折り返しの確認折り返しの確認折り返しの確認折り返しの確認折り返しの確認折り返しの確認折り返しの確認折り返しの確認折り返しの確認折り返しの確認折り返しの確認折り返しの確認折り返しの確認折り返しの確認折り返しの確認折り返しの確認折り返しの確認折り返しの確認折り返しの確認折り返しの確認折り返しの確認折り返しの確認折り返しの確認折り返しの確認折り返しの確認折り返しの確認折り返しの確認折り返しの確認折り返しの確認折り返しの確認折り返しの確認折り返しの確認折り返しの確認折り返しの確認折り返しの確認折り返しの確認折り返しの確認折り返しの確認折り返しの確認折り返しの確認折り返しの確認折り返しの確認折り返しの確認折り返しの確認折り返しの確認折り返しの確認折り返しの確認折り返しの確認折り返しの確認,2021/05/19 20:15:19.620,2021-05-19 20:15:19.627+09,2021-06-03 10:15:15.808+09
10,とら,とら,2021/05/25 21:18:35.994,2021-05-25 21:18:35.995+09,2021-06-03 10:19:24.231+09
62,ほほほ,ふふふ,2021/06/03 15:10:00.592,2021-06-03 15:10:00.605+09,2021-06-03 15:10:00.605+09
63,うおうお,いえいえ,2021/06/03 15:11:35.252,2021-06-03 15:11:35.256+09,2021-06-03 15:11:35.256+09
64,１２３４５６７８９０１２３４５６７８９０１２３４５６７８９０,fdsafさd,2021/06/03 16:41:33.948,2021-06-03 16:41:33.951+09,2021-06-03 16:41:33.951+09
65,hogahogah,hugahuga,2021/06/07 12:43:09.487,2021-06-07 12:43:09.501+09,2021-06-07 12:43:09.501+09
66,hogahogah,hugahuga,2021/06/07 15:54:24.487,2021-06-07 15:54:24.5+09,2021-06-07 15:54:24.5+09
67,"","",2021/06/07 15:54:24.533,2021-06-07 15:54:24.536+09,2021-06-07 15:54:24.536+09
68,"","",2021/06/07 16:18:21.756,2021-06-07 16:18:21.769+09,2021-06-07 16:18:21.769+09
69,"","",2021/06/07 16:20:35.671,2021-06-07 16:20:35.684+09,2021-06-07 16:20:35.684+09
70,"","",2021/06/07 16:33:47.458,2021-06-07 16:33:47.474+09,2021-06-07 16:33:47.474+09
71,"","",2021/06/07 16:41:36.251,2021-06-07 16:41:36.268+09,2021-06-07 16:41:36.268+09
72,123456789012345678901234567890,JHKLSAD,2021/06/07 16:55:34.644,2021-06-07 16:55:34.658+09,2021-06-07 16:55:34.658+09
73,123456789012345678901234567890,JHKLSAD,2021/06/07 16:59:46.117,2021-06-07 16:59:46.13+09,2021-06-07 16:59:46.13+09
74,"","",2021/06/07 16:59:46.165,2021-06-07 16:59:46.167+09,2021-06-07 16:59:46.167+09
75,"","",2021/06/07 17:00:51.669,2021-06-07 17:00:51.689+09,2021-06-07 17:00:51.689+09
82,123456789012345678901234567890,123456789012345678901234567890123456789012345678901234567890123456789012345678901234567890123456789012345678901234567890123456789012345678901234567890123456789012345678901234567890123456789012345678901234567890123456789012345678901234567890123456789012345678901234567890123456789012345678901234567890123456789012345678901234567890123456789012345678901234567890123456789012345678901234567890123456789012345678901234567890123456789012345678901234567890123456789012345678901234567890123456789012345678901234567890123456789012345678901234567890123456789012345678901234567890123456789012345678901234567890123456789012345678901234567890123456789012345678901234567890123456789012345678901234567890123456789012345678901234567890123456789012345678901234567890123456789012345678901234567890123456789012345678901234567890123456789012345678901234567890123456789012345678901234567890123456789012345678901234567890123456789012345678901234567890123456789012345678901234567890123456789012345678901234567890123456789012345678901234567890123456789012345678901234567890123456789012345678901234567890123456789012345678901234567890123456789012345678901234567890123456789012345678901234567890123456789012345678901234567890123456789012345678901234567890123456789012345678901234567890123456789012345678901234567890123456789012345678901234567890123456789012345678901234567890123456789012345678901234567890123456789012345678901234567890123456789012345678901234567890123456789012345678901234567890123456789012345678901234567890123456789012345678901234567890123456789012345678901234567890123456789012345678901234567890123456789012345678901234567890123456789012345678901234567890123456789012345678901234567890123456789012345678901234567890123456789012345678901234567890123456789012345678901234567890123456789012345678901234567890123456789012345678901234567890123456789012345678901234567890123456789012345678901234567890123456789012345678901234567890123456789012345678901234567890123456789012345678901234567890123456789012345678901234567890123456789012345678901234567890123456789012345678901234567890123456789012345678901234567890123456789012345678901234567890123456789012345678901234567890123456789012345678901234567890123456789012345678901234567890123456789012345678901234567890123456789012345678901234567890123456789012345678901234567890123456789012345678901234567890123456789012345678901234567890123456789012345678901234567890123456789012345678901234567890123456789012345678901234567890123456789012345678901234567890123456789012345678901234567890123456789012345678901234567890123456789012345678901234567890123456789012345678901234567890123456789012345678901234567890123456789012345678901234567890123456789012345678901234567890123456789012345678901234567890123456789012345678901234567890123456789012345678901234567890123456789012345678901234567890123456789012345678901234567890123456789012345678901234567890123456789012345678901234567890123456789012345678901234567890123456789012345678901234567890123456789012345678901234567890,2021/06/07 18:40:07.050,2021-06-07 18:40:07.062+09,2021-06-07 18:40:07.062+09
83,123456789012345678901234567890,123456789012345678901234567890123456789012345678901234567890123456789012345678901234567890123456789012345678901234567890123456789012345678901234567890123456789012345678901234567890123456789012345678901234567890123456789012345678901234567890123456789012345678901234567890123456789012345678901234567890123456789012345678901234567890123456789012345678901234567890123456789012345678901234567890123456789012345678901234567890123456789012345678901234567890123456789012345678901234567890123456789012345678901234567890123456789012345678901234567890123456789012345678901234567890123456789012345678901234567890123456789012345678901234567890123456789012345678901234567890123456789012345678901234567890123456789012345678901234567890123456789012345678901234567890123456789012345678901234567890123456789012345678901234567890123456789012345678901234567890123456789012345678901234567890123456789012345678901234567890123456789012345678901234567890123456789012345678901234567890123456789012345678901234567890123456789012345678901234567890123456789012345678901234567890123456789012345678901234567890123456789012345678901234567890123456789012345678901234567890123456789012345678901234567890123456789012345678901234567890123456789012345678901234567890123456789012345678901234567890123456789012345678901234567890123456789012345678901234567890123456789012345678901234567890123456789012345678901234567890123456789012345678901234567890123456789012345678901234567890123456789012345678901234567890123456789012345678901234567890123456789012345678901234567890123456789012345678901234567890123456789012345678901234567890123456789012345678901234567890123456789012345678901234567890123456789012345678901234567890123456789012345678901234567890123456789012345678901234567890123456789012345678901234567890123456789012345678901234567890123456789012345678901234567890123456789012345678901234567890123456789012345678901234567890123456789012345678901234567890123456789012345678901234567890123456789012345678901234567890123456789012345678901234567890123456789012345678901234567890123456789012345678901234567890123456789012345678901234567890123456789012345678901234567890123456789012345678901234567890123456789012345678901234567890123456789012345678901234567890123456789012345678901234567890123456789012345678901234567890123456789012345678901234567890123456789012345678901234567890123456789012345678901234567890123456789012345678901234567890123456789012345678901234567890123456789012345678901234567890123456789012345678901234567890123456789012345678901234567890123456789012345678901234567890123456789012345678901234567890123456789012345678901234567890123456789012345678901234567890123456789012345678901234567890123456789012345678901234567890123456789012345678901234567890123456789012345678901234567890123456789012345678901234567890123456789012345678901234567890123456789012345678901234567890123456789012345678901234567890123456789012345678901234567890123456789012345678901234567890123456789012345678901234567890123456789012345678901234567890,2021/06/07 19:00:17.264,2021-06-07 19:00:17.276+09,2021-06-07 19:00:17.276+09
84,123456789012345678901234567890,123456789012345678901234567890123456789012345678901234567890123456789012345678901234567890123456789012345678901234567890123456789012345678901234567890123456789012345678901234567890123456789012345678901234567890123456789012345678901234567890123456789012345678901234567890123456789012345678901234567890123456789012345678901234567890123456789012345678901234567890123456789012345678901234567890123456789012345678901234567890123456789012345678901234567890123456789012345678901234567890123456789012345678901234567890123456789012345678901234567890123456789012345678901234567890123456789012345678901234567890123456789012345678901234567890123456789012345678901234567890123456789012345678901234567890123456789012345678901234567890123456789012345678901234567890123456789012345678901234567890123456789012345678901234567890123456789012345678901234567890123456789012345678901234567890123456789012345678901234567890123456789012345678901234567890123456789012345678901234567890123456789012345678901234567890123456789012345678901234567890123456789012345678901234567890123456789012345678901234567890123456789012345678901234567890123456789012345678901234567890123456789012345678901234567890123456789012345678901234567890123456789012345678901234567890123456789012345678901234567890123456789012345678901234567890123456789012345678901234567890123456789012345678901234567890123456789012345678901234567890123456789012345678901234567890123456789012345678901234567890123456789012345678901234567890123456789012345678901234567890123456789012345678901234567890123456789012345678901234567890123456789012345678901234567890123456789012345678901234567890123456789012345678901234567890123456789012345678901234567890123456789012345678901234567890123456789012345678901234567890123456789012345678901234567890123456789012345678901234567890123456789012345678901234567890123456789012345678901234567890123456789012345678901234567890123456789012345678901234567890123456789012345678901234567890123456789012345678901234567890123456789012345678901234567890123456789012345678901234567890123456789012345678901234567890123456789012345678901234567890123456789012345678901234567890123456789012345678901234567890123456789012345678901234567890123456789012345678901234567890123456789012345678901234567890123456789012345678901234567890123456789012345678901234567890123456789012345678901234567890123456789012345678901234567890123456789012345678901234567890123456789012345678901234567890123456789012345678901234567890123456789012345678901234567890123456789012345678901234567890123456789012345678901234567890123456789012345678901234567890123456789012345678901234567890123456789012345678901234567890123456789012345678901234567890123456789012345678901234567890123456789012345678901234567890123456789012345678901234567890123456789012345678901234567890123456789012345678901234567890123456789012345678901234567890123456789012345678901234567890123456789012345678901234567890123456789012345678901234567890123456789012345678901234567890123456789012345678901234567890,2021/06/07 19:02:35.338,2021-06-07 19:02:35.352+09,2021-06-07 19:02:35.352+09
85,123456789012345678901234567890,123456789012345678901234567890123456789012345678901234567890123456789012345678901234567890123456789012345678901234567890123456789012345678901234567890123456789012345678901234567890123456789012345678901234567890123456789012345678901234567890123456789012345678901234567890123456789012345678901234567890123456789012345678901234567890123456789012345678901234567890123456789012345678901234567890123456789012345678901234567890123456789012345678901234567890123456789012345678901234567890123456789012345678901234567890123456789012345678901234567890123456789012345678901234567890123456789012345678901234567890123456789012345678901234567890123456789012345678901234567890123456789012345678901234567890123456789012345678901234567890123456789012345678901234567890123456789012345678901234567890123456789012345678901234567890123456789012345678901234567890123456789012345678901234567890123456789012345678901234567890123456789012345678901234567890123456789012345678901234567890123456789012345678901234567890123456789012345678901234567890123456789012345678901234567890123456789012345678901234567890123456789012345678901234567890123456789012345678901234567890123456789012345678901234567890123456789012345678901234567890123456789012345678901234567890123456789012345678901234567890123456789012345678901234567890123456789012345678901234567890123456789012345678901234567890123456789012345678901234567890123456789012345678901234567890123456789012345678901234567890123456789012345678901234567890123456789012345678901234567890123456789012345678901234567890123456789012345678901234567890123456789012345678901234567890123456789012345678901234567890123456789012345678901234567890123456789012345678901234567890123456789012345678901234567890123456789012345678901234567890123456789012345678901234567890123456789012345678901234567890123456789012345678901234567890123456789012345678901234567890123456789012345678901234567890123456789012345678901234567890123456789012345678901234567890123456789012345678901234567890123456789012345678901234567890123456789012345678901234567890123456789012345678901234567890123456789012345678901234567890123456789012345678901234567890123456789012345678901234567890123456789012345678901234567890123456789012345678901234567890123456789012345678901234567890123456789012345678901234567890123456789012345678901234567890123456789012345678901234567890123456789012345678901234567890123456789012345678901234567890123456789012345678901234567890123456789012345678901234567890123456789012345678901234567890123456789012345678901234567890123456789012345678901234567890123456789012345678901234567890123456789012345678901234567890123456789012345678901234567890123456789012345678901234567890123456789012345678901234567890123456789012345678901234567890123456789012345678901234567890123456789012345678901234567890123456789012345678901234567890123456789012345678901234567890123456789012345678901234567890123456789012345678901234567890123456789012345678901234567890123456789012345678901234567890123456789012345678901234567890,2021/06/07 19:04:07.868,2021-06-07 19:04:07.882+09,2021-06-07 19:04:07.882+09
86,123456789012345678901234567890,123456789012345678901234567890123456789012345678901234567890123456789012345678901234567890123456789012345678901234567890123456789012345678901234567890123456789012345678901234567890123456789012345678901234567890123456789012345678901234567890123456789012345678901234567890123456789012345678901234567890123456789012345678901234567890123456789012345678901234567890123456789012345678901234567890123456789012345678901234567890123456789012345678901234567890123456789012345678901234567890123456789012345678901234567890123456789012345678901234567890123456789012345678901234567890123456789012345678901234567890123456789012345678901234567890123456789012345678901234567890123456789012345678901234567890123456789012345678901234567890123456789012345678901234567890123456789012345678901234567890123456789012345678901234567890123456789012345678901234567890123456789012345678901234567890123456789012345678901234567890123456789012345678901234567890123456789012345678901234567890123456789012345678901234567890123456789012345678901234567890123456789012345678901234567890123456789012345678901234567890123456789012345678901234567890123456789012345678901234567890123456789012345678901234567890123456789012345678901234567890123456789012345678901234567890123456789012345678901234567890123456789012345678901234567890123456789012345678901234567890123456789012345678901234567890123456789012345678901234567890123456789012345678901234567890123456789012345678901234567890123456789012345678901234567890123456789012345678901234567890123456789012345678901234567890123456789012345678901234567890123456789012345678901234567890123456789012345678901234567890123456789012345678901234567890123456789012345678901234567890123456789012345678901234567890123456789012345678901234567890123456789012345678901234567890123456789012345678901234567890123456789012345678901234567890123456789012345678901234567890123456789012345678901234567890123456789012345678901234567890123456789012345678901234567890123456789012345678901234567890123456789012345678901234567890123456789012345678901234567890123456789012345678901234567890123456789012345678901234567890123456789012345678901234567890123456789012345678901234567890123456789012345678901234567890123456789012345678901234567890123456789012345678901234567890123456789012345678901234567890123456789012345678901234567890123456789012345678901234567890123456789012345678901234567890123456789012345678901234567890123456789012345678901234567890123456789012345678901234567890123456789012345678901234567890123456789012345678901234567890123456789012345678901234567890123456789012345678901234567890123456789012345678901234567890123456789012345678901234567890123456789012345678901234567890123456789012345678901234567890123456789012345678901234567890123456789012345678901234567890123456789012345678901234567890123456789012345678901234567890123456789012345678901234567890123456789012345678901234567890123456789012345678901234567890123456789012345678901234567890123456789012345678901234567890123456789012345678901234567890,2021/06/07 19:09:26.040,2021-06-07 19:09:26.054+09,2021-06-07 19:09:26.054+09
87,123456789012345678901234567890,123456789012345678901234567890123456789012345678901234567890123456789012345678901234567890123456789012345678901234567890123456789012345678901234567890123456789012345678901234567890123456789012345678901234567890123456789012345678901234567890123456789012345678901234567890123456789012345678901234567890123456789012345678901234567890123456789012345678901234567890123456789012345678901234567890123456789012345678901234567890123456789012345678901234567890123456789012345678901234567890123456789012345678901234567890123456789012345678901234567890123456789012345678901234567890123456789012345678901234567890123456789012345678901234567890123456789012345678901234567890123456789012345678901234567890123456789012345678901234567890123456789012345678901234567890123456789012345678901234567890123456789012345678901234567890123456789012345678901234567890123456789012345678901234567890123456789012345678901234567890123456789012345678901234567890123456789012345678901234567890123456789012345678901234567890123456789012345678901234567890123456789012345678901234567890123456789012345678901234567890123456789012345678901234567890123456789012345678901234567890123456789012345678901234567890123456789012345678901234567890123456789012345678901234567890123456789012345678901234567890123456789012345678901234567890123456789012345678901234567890123456789012345678901234567890123456789012345678901234567890123456789012345678901234567890123456789012345678901234567890123456789012345678901234567890123456789012345678901234567890123456789012345678901234567890123456789012345678901234567890123456789012345678901234567890123456789012345678901234567890123456789012345678901234567890123456789012345678901234567890123456789012345678901234567890123456789012345678901234567890123456789012345678901234567890123456789012345678901234567890123456789012345678901234567890123456789012345678901234567890123456789012345678901234567890123456789012345678901234567890123456789012345678901234567890123456789012345678901234567890123456789012345678901234567890123456789012345678901234567890123456789012345678901234567890123456789012345678901234567890123456789012345678901234567890123456789012345678901234567890123456789012345678901234567890123456789012345678901234567890123456789012345678901234567890123456789012345678901234567890123456789012345678901234567890123456789012345678901234567890123456789012345678901234567890123456789012345678901234567890123456789012345678901234567890123456789012345678901234567890123456789012345678901234567890123456789012345678901234567890123456789012345678901234567890123456789012345678901234567890123456789012345678901234567890123456789012345678901234567890123456789012345678901234567890123456789012345678901234567890123456789012345678901234567890123456789012345678901234567890123456789012345678901234567890123456789012345678901234567890123456789012345678901234567890123456789012345678901234567890123456789012345678901234567890123456789012345678901234567890123456789012345678901234567890123456789012345678901234567890,2021/06/07 19:14:22.764,2021-06-07 19:14:22.786+09,2021-06-07 19:14:22.786+09
32,vzx,クロムの下を編集fdsa,2021/05/28 10:23:08.519,2021-05-28 10:23:08.519+09,2021-06-08 11:23:41.633+09
